epoch,train_loss,val_loss,train_error1,val_error1,train_error5,val_error5
401,0.04362289140064269,0.46177202572822573,1.4899999999999949,10.230000000000004,0.0,0.45000000000000284
