epoch,train_loss,val_loss,train_error1,val_error1,train_error5,val_error5
1,1.7465242126846314,2.099997055053711,81.45400000000001,77.39,29.781999999999996,22.379999999999995
